{
    "1": {
        "data": [
            [
                974.54,
                537.4,
                59,
                "Hit",
                "gaultier"
            ],
            [
                1112.0,
                236.08,
                65,
                "Frontwall",
                "NaN"
            ],
            [
                1481.15,
                514.68,
                83,
                "Sidewall",
                "NaN"
            ],
            [
                1380.83,
                916.34,
                93,
                "Bounce",
                "NaN"
            ],
            [
                1336.42,
                860.23,
                98,
                "Hit",
                "coll"
            ]
        ],
        "speed": [
            49.67899319631991,
            23.12410444211841,
            37.25987586935845,
            12.880481298460849
        ],
        "avg_speed": 30.735863701564405
    },
    "2": {
        "data": [
            [
                1336.42,
                860.23,
                98,
                "Hit",
                "coll"
            ],
            [
                943.69,
                296.86,
                105,
                "Frontwall",
                "NaN"
            ],
            [
                382.65,
                834.52,
                127,
                "Sidewall",
                "NaN"
            ],
            [
                434.54,
                925.45,
                132,
                "Bounce",
                "NaN"
            ],
            [
                588.36,
                897.64,
                148,
                "Hit",
                "gaultier"
            ]
        ],
        "speed": [
            88.29615217284731,
            31.78939500813866,
            18.844922891856058,
            8.792648448464277
        ],
        "avg_speed": 36.93077963032657
    },
    "3": {
        "data": [
            [
                588.36,
                897.64,
                148,
                "Hit",
                "gaultier"
            ],
            [
                691.22,
                179.97,
                159,
                "Frontwall",
                "NaN"
            ],
            [
                499.53,
                539.97,
                179,
                "Hit",
                "coll"
            ]
        ],
        "speed": [
            59.31848699921495,
            18.35343942160433
        ],
        "avg_speed": 38.83596321040964
    },
    "4": {
        "data": [
            [
                499.53,
                539.97,
                179,
                "Hit",
                "coll"
            ],
            [
                887.58,
                280.49,
                184,
                "Frontwall",
                "NaN"
            ],
            [
                1472.0,
                853.22,
                203,
                "Bounce",
                "NaN"
            ],
            [
                1539.79,
                827.51,
                206,
                "Sidewall",
                "NaN"
            ],
            [
                1476.67,
                815.82,
                215,
                "Hit",
                "gaultier"
            ]
        ],
        "speed": [
            84.02601146049955,
            38.76017515708303,
            21.750492822002904,
            6.419338361544735
        ],
        "avg_speed": 37.73900445028256
    },
    "5": {
        "data": [
            [
                1476.67,
                815.82,
                215,
                "Hit",
                "gaultier"
            ],
            [
                1292.0,
                172.96,
                227,
                "Frontwall",
                "NaN"
            ],
            [
                1369.14,
                229.06,
                235,
                "Sidewall",
                "NaN"
            ],
            [
                1411.22,
                769.06,
                250,
                "Bounce",
                "NaN"
            ],
            [
                1462.65,
                698.93,
                258,
                "Hit",
                "coll"
            ]
        ],
        "speed": [
            50.16440406615532,
            10.730512551830886,
            32.498224798287055,
            9.78378925346668
        ],
        "avg_speed": 25.794232667434986
    },
    "6": {
        "data": [
            [
                1462.65,
                698.93,
                258,
                "Hit",
                "coll"
            ],
            [
                962.39,
                397.38,
                264,
                "Frontwall",
                "NaN"
            ],
            [
                709.92,
                617.12,
                273,
                "Bounce",
                "NaN"
            ],
            [
                466.8,
                703.61,
                285,
                "Sidewall",
                "NaN"
            ],
            [
                522.91,
                822.83,
                293,
                "Hit",
                "gaultier"
            ]
        ],
        "speed": [
            87.61752437298146,
            33.47040013205698,
            19.353466913256135,
            14.82344522043121
        ],
        "avg_speed": 38.81620915968145
    },
    "7": {
        "data": [
            [
                522.91,
                822.83,
                293,
                "Hit",
                "gaultier"
            ],
            [
                920.31,
                378.67,
                298,
                "Frontwall",
                "NaN"
            ],
            [
                1392.52,
                820.49,
                315,
                "Bounce",
                "NaN"
            ],
            [
                1560.83,
                834.52,
                323,
                "Sidewall",
                "NaN"
            ],
            [
                1542.1,
                864.9,
                327,
                "Hit",
                "coll"
            ]
        ],
        "speed": [
            107.27831861769646,
            34.23567966050344,
            19.00054627915339,
            8.030190739484338
        ],
        "avg_speed": 42.136183824209404
    },
    "8": {
        "data": [
            [
                1542.1,
                864.9,
                327,
                "Hit",
                "coll"
            ],
            [
                1289.66,
                261.79,
                336,
                "Frontwall",
                "NaN"
            ],
            [
                1376.16,
                731.66,
                354,
                "Hit",
                "gaultier"
            ]
        ],
        "speed": [
            65.38100838163936,
            23.888285146698998
        ],
        "avg_speed": 44.634646764169176
    },