{
    "1": {
        "data": [
            [
                974.54,
                537.4,
                59,
                "Hit",
                "gaultier"
            ],
            [
                1112.0,
                236.08,
                65,
                "Frontwall",
                NaN
            ],
            [
                1481.15,
                514.68,
                83,
                "Sidewall",
                NaN
            ],
            [
                1380.83,
                916.34,
                93,
                "Bounce",
                NaN
            ],
            [
                1336.42,
                860.23,
                98,
                "Hit",
                "coll"
            ]
        ],
        "speed": [
            62.054369612461635,
            28.077773206755552,
            27.4473071269296,
            19.145568487772813
        ],
        "avg_speed": 34.181254608479904
    },
    "2": {
        "data": [
            [
                1336.42,
                860.23,
                98,
                "Hit",
                "coll"
            ],
            [
                943.69,
                296.86,
                105,
                "Frontwall",
                NaN
            ],
            [
                382.65,
                834.52,
                127,
                "Sidewall",
                NaN
            ],
            [
                434.54,
                925.45,
                132,
                "Bounce",
                NaN
            ],
            [
                588.36,
                897.64,
                148,
                "Hit",
                "gaultier"
            ]
        ],
        "speed": [
            72.64915853073927,
            24.666471704631206,
            13.893844262838142,
            9.754248176075325
        ],
        "avg_speed": 30.240930668570986
    },
    "3": {
        "data": [
            [
                588.36,
                897.64,
                148,
                "Hit",
                "gaultier"
            ],
            [
                691.22,
                179.97,
                159,
                "Frontwall",
                NaN
            ],
            [
                499.53,
                539.97,
                179,
                "Hit",
                "coll"
            ]
        ],
        "speed": [
            28.265390685781,
            20.14256216541232
        ],
        "avg_speed": 24.203976425596657
    },
    "4": {
        "data": [
            [
                499.53,
                539.97,
                179,
                "Hit",
                "coll"
            ],
            [
                887.58,
                280.49,
                184,
                "Frontwall",
                NaN
            ],
            [
                1472.0,
                853.22,
                203,
                "Bounce",
                NaN
            ],
            [
                1539.79,
                827.51,
                206,
                "Sidewall",
                NaN
            ],
            [
                1476.67,
                815.82,
                215,
                "Hit",
                "gaultier"
            ]
        ],
        "speed": [
            102.62978433476314,
            33.97266426195334,
            23.323385731921512,
            23.381654154486153
        ],
        "avg_speed": 45.82687212078104
    },
    "5": {
        "data": [
            [
                1476.67,
                815.82,
                215,
                "Hit",
                "gaultier"
            ],
            [
                1292.0,
                172.96,
                227,
                "Frontwall",
                NaN
            ],
            [
                1369.14,
                229.06,
                235,
                "Sidewall",
                NaN
            ],
            [
                1411.22,
                769.06,
                250,
                "Bounce",
                NaN
            ],
            [
                1462.65,
                698.93,
                258,
                "Hit",
                "coll"
            ]
        ],
        "speed": [
            36.32258258043471,
            48.707944914048674,
            23.89967106886619,
            20.011553568345217
        ],
        "avg_speed": 32.235438032923696
    },
    "6": {
        "data": [
            [
                1462.65,
                698.93,
                258,
                "Hit",
                "coll"
            ],
            [
                962.39,
                397.38,
                264,
                "Frontwall",
                NaN
            ],
            [
                709.92,
                617.12,
                273,
                "Bounce",
                NaN
            ],
            [
                466.8,
                703.61,
                285,
                "Sidewall",
                NaN
            ],
            [
                522.91,
                822.83,
                293,
                "Hit",
                "gaultier"
            ]
        ],
        "speed": [
            98.61646417434564,
            29.711549353744587,
            20.49433253517908,
            14.153909443926613
        ],
        "avg_speed": 40.744063876798975
    },
    "7": {
        "data": [
            [
                522.91,
                822.83,
                293,
                "Hit",
                "gaultier"
            ],
            [
                920.31,
                378.67,
                298,
                "Frontwall",
                NaN
            ],
            [
                1392.52,
                820.49,
                315,
                "Bounce",
                NaN
            ],
            [
                1560.83,
                834.52,
                323,
                "Sidewall",
                NaN
            ],
            [
                1542.1,
                864.9,
                327,
                "Hit",
                "coll"
            ]
        ],
        "speed": [
            91.34366828499932,
            31.015110057612453,
            21.651960256954784,
            37.46015202101429
        ],
        "avg_speed": 45.367722655145215
    },
    "8": {
        "data": [
            [
                1542.1,
                864.9,
                327,
                "Hit",
                "coll"
            ],
            [
                1289.66,
                261.79,
                336,
                "Frontwall",
                NaN
            ],
            [
                1376.16,
                731.66,
                354,
                "Hit",
                "gaultier"
            ]
        ],
        "speed": [
            50.3988092617276,
            11.798590816279717
        ],
        "avg_speed": 31.09870003900366
    },
    "9": {
        "data": [
            [
                1376.16,
                731.66,
                354,
                "Hit",
                "gaultier"
            ],
            [
                1041.87,
                376.34,
                358,
                "Frontwall",
                NaN
            ],
            [
                492.52,
                899.97,
                377,
                "Bounce",
                NaN
            ],
            [
                293.82,
                911.66,
                384,
                "Sidewall",
                NaN
            ],
            [
                301.48,
                1072.83,
                386,
                "Backwall",
                NaN
            ],
            [
                590.7,
                882.91,
                399,
                "Hit",
                "coll"
            ]
        ],