{
    "1": {
        "data": [
            [
                974.54,
                537.4,
                59,
                "Hit",
                "gaultier"
            ],
            [
                1112.0,
                236.08,
                65,
                "Frontwall",
                NaN
            ],
            [
                1481.15,
                514.68,
                83,
                "Sidewall",
                NaN
            ],
            [
                1380.83,
                916.34,
                93,
                "Bounce",
                NaN
            ],
            [
                1336.42,
                860.23,
                98,
                "Hit",
                "coll"
            ]
        ],
        "speed": [
            44.44205660571,
            22.320877512733478,
            27.4473071269296,
            19.145568487772813
        ],
        "avg_speed": 28.338952433286472
    },
    "2": {
        "data": [
            [
                1336.42,
                860.23,
                98,
                "Hit",
                "coll"
            ],
            [
                943.69,
                296.86,
                105,
                "Frontwall",
                NaN
            ],
            [
                382.65,
                834.52,
                127,
                "Sidewall",
                NaN
            ],
            [
                434.54,
                925.45,
                132,
                "Bounce",
                NaN
            ],
            [
                588.36,
                897.64,
                148,
                "Hit",
                "gaultier"
            ]
        ],
        "speed": [
            78.97631136564603,
            28.13320593436713,
            13.893844262838142,
            9.754248176075325
        ],
        "avg_speed": 32.689402434731655
    },
    "3": {
        "data": [
            [
                588.36,
                897.64,
                148,
                "Hit",
                "gaultier"
            ],
            [
                691.22,
                179.97,
                159,
                "Frontwall",
                NaN
            ],
            [
                499.53,
                539.97,
                179,
                "Hit",
                "coll"
            ]
        ],
        "speed": [
            44.749527928564916,
            15.445525981853537
        ],
        "avg_speed": 30.097526955209226
    },
    "4": {
        "data": [
            [
                499.53,
                539.97,
                179,
                "Hit",
                "coll"
            ],
            [
                887.58,
                280.49,
                184,
                "Frontwall",
                NaN
            ],
            [
                1472.0,
                853.22,
                203,
                "Bounce",
                NaN
            ],
            [
                1539.79,
                827.51,
                206,
                "Sidewall",
                NaN
            ],
            [
                1476.67,
                815.82,
                215,
                "Hit",
                "gaultier"
            ]
        ],
        "speed": [
            85.78316862161815,
            33.97266426195334,
            23.323385731921512,
            14.628024381159278
        ],
        "avg_speed": 39.42681074916307
    },
    "5": {
        "data": [
            [
                1476.67,
                815.82,
                215,
                "Hit",
                "gaultier"
            ],
            [
                1292.0,
                172.96,
                227,
                "Frontwall",
                NaN
            ],
            [
                1369.14,
                229.06,
                235,
                "Sidewall",
                NaN
            ],
            [
                1411.22,
                769.06,
                250,
                "Bounce",
                NaN
            ],
            [
                1462.65,
                698.93,
                258,
                "Hit",
                "coll"
            ]
        ],
        "speed": [
            40.54162762783478,
            6.067958845002227,
            23.89967106886619,
            20.011553568345217
        ],
        "avg_speed": 22.630202777512103
    },
    "6": {
        "data": [
            [
                1462.65,
                698.93,
                258,
                "Hit",
                "coll"
            ],
            [
                962.39,
                397.38,
                264,
                "Frontwall",
                NaN
            ],
            [
                709.92,
                617.12,
                273,
                "Bounce",
                NaN
            ],
            [
                466.8,
                703.61,
                285,
                "Sidewall",
                NaN
            ],
            [
                522.91,
                822.83,
                293,
                "Hit",
                "gaultier"
            ]
        ],
        "speed": [
            91.49925861235471,
            29.711549353744587,
            20.49433253517908,
            13.609342559250145
        ],
        "avg_speed": 38.82862076513213
    },
    "7": {
        "data": [
            [
                522.91,
                822.83,
                293,
                "Hit",
                "gaultier"
            ],
            [
                920.31,
                378.67,
                298,
                "Frontwall",
                NaN
            ],
            [
                1392.52,
                820.49,
                315,
                "Bounce",
                NaN
            ],
            [
                1560.83,
                834.52,
                323,
                "Sidewall",
                NaN
            ],
            [
                1542.1,
                864.9,
                327,
                "Hit",
                "coll"
            ]
        ],
        "speed": [
            98.88402783278806,
            31.015110057612453,
            21.651960256954784,
            16.573042048659357
        ],
        "avg_speed": 42.03103504900366
    },
    "8": {
        "data": [
            [
                1542.1,
                864.9,
                327,
                "Hit",
                "coll"
            ],
            [
                1289.66,
                261.79,
                336,
                "Frontwall",
                NaN
            ],
            [
                1376.16,
                731.66,
                354,
                "Hit",
                "gaultier"
            ]
        ],
        "speed": [
            56.12633455665564,
            17.772681743262982
        ],
        "avg_speed": 36.949508149959314
    },
    "9": {
        "data": [
            [
                1376.16,
                731.66,
                354,
                "Hit",
                "gaultier"
            ],
            [
                1041.87,
                376.34,
                358,
                "Frontwall",
                NaN
            ],
            [
                492.52,
                899.97,
                377,
                "Bounce",
                NaN
            ],
            [
                293.82,
                911.66,
                384,
                "Sidewall",
                NaN
            ],
            [
                301.48,
                1072.83,
                386,
                "Backwall",
                NaN
            ],
            [
                590.7,
                882.91,
                399,
                "Hit",
                "coll"
            ]
        ],